{
  "Total" : {
    "transaction" : "Total",
    "sampleCount" : 1500,
    "errorCount" : 0,
    "errorPct" : 0.0,
    "meanResTime" : 4.588000000000002,
    "medianResTime" : 3.0,
    "minResTime" : 2.0,
    "maxResTime" : 110.0,
    "pct1ResTime" : 4.0,
    "pct2ResTime" : 4.0,
    "pct3ResTime" : 107.0,
    "throughput" : 50.61241016297196,
    "receivedKBytesPerSec" : 15.964656721328069,
    "sentKBytesPerSec" : 8.105893815163478
  },
  "HTTP Request" : {
    "transaction" : "HTTP Request",
    "sampleCount" : 1500,
    "errorCount" : 0,
    "errorPct" : 0.0,
    "meanResTime" : 4.588000000000002,
    "medianResTime" : 3.0,
    "minResTime" : 2.0,
    "maxResTime" : 110.0,
    "pct1ResTime" : 4.0,
    "pct2ResTime" : 4.0,
    "pct3ResTime" : 107.0,
    "throughput" : 50.61241016297196,
    "receivedKBytesPerSec" : 15.964656721328069,
    "sentKBytesPerSec" : 8.105893815163478
  }
}